Years,Int'l Tourist Arrivals Number,Change (%),Average Length of Stays (Days),Hotel Occupancy (%),Int'l Tourism Receipts (Million USD),Tourism Sector Share to the GDP (%)
1993,"118,183",-,N/A,N/A,N/A,
1994,"176,617",49.4,N/A,N/A,N/A,
1995,"219,680",24.4,8.0,37.0,100,
1996,"260,489",18.6,7.5,40.0,118,
1997,"218,843",-16.0,6.4,30.0,103,
1998,"286,524",30.9,5.2,40.0,166,
1999,"367,743",28.3,5.5,44.0,190,
2000,"466,365",26.8,5.5,45.0,228,
2001,"604,919",29.7,5.5,48.0,304,
2002,"786,524",30.0,5.8,50.0,379,
2003,"701,014",-10.9,5.5,50.0,347,
2004,"1,055,202",50.5,6.3,52.0,578,13.9
2005,"1,421,615",34.7,6.3,52.0,832,14.1
2006,"1,700,041",19.6,6.5,54.8,"1,049",14.0
2007,"2,015,128",18.5,6.5,54.8,"1,400",13.9
2008,"2,125,465",5.5,6.7,62.7,"1,595",12.5
2009,"2,161,577",1.7,6.5,63.6,"1,561",9.9
2010,"2,508,289",16.0,6.5,65.7,"1,786",10.8
2011,"2,881,862",14.9,6.5,66.2,"1,912",10.8
2012,"3,584,307",24.4,6.3,68.5,"2,210",11.5
2013,"4,210,165",17.5,6.8,69.5,"2,547",12.0
2014,"4,502,775",7.0,6.5,67.6,"2,736",12.2
2015,"4,775,231",6.1,6.8,70.2,"3,012",12.0
2016,"5,011,712",5.0,6.3,68.9,"3,212",11.9
2017,"5,602,157",11.8,6.6,71.3,"3,638",12.3
2018,"6,201,077",10.7,7.0,72.2,"4,375",12.7
2019,"6,610,592",6.6,6.2,63.5,"4,919",12.1
2020,"1,306,143",-80.2,Jan-Mar:6.2 / Apr-Dec:30.0,Jan-Mar:78.9 / Apr-Dec:8.3,"1,023",3.0
2021,"196,495",-85.0,30.0,15.5,184,1.8
2022,"2,276,626",1058.6,13.5,75.1,"1,415",3.6
2023,"5,453,231",139.5,7.6,76.5,"3,083",7.5
2024,"6,700,125",22.9,7.1,77.8,"3,637",9.4
