Country / Region,2024 Total,2025* Holiday,2025* Business,2025* Others,2025* Total,2025* Female,Share (%) 2025*,Change (%) 2025*/24
Grand Total,"6,700,125","3,893,767","1,551,791","124,194","5,569,752","2,232,247",100.0,-16.9
Asia and the Pacific,"5,729,871","3,066,470","1,474,383","41,988","4,582,841","1,772,663",82.3,-20.0
ASEAN (Southeast Asia),"4,235,631","2,220,533","547,555","4,972","2,773,060","1,248,322",49.8,-34.5
Brunei Darussalam,541,383,76,3,462,206,0.0,-14.6
Indonesia,"166,795","50,633","99,053",154,"149,840","48,221",2.7,-10.2
Lao PDR,"334,448","119,826","11,579",67,"131,472","76,622",2.4,-60.7
Malaysia,"94,260","56,985","37,930","1,353","96,268","24,328",1.7,2.1
Myanmar,"36,976","15,122","21,704",10,"36,836","20,316",0.7,-0.4
Philippines,"69,142","46,904","21,909",51,"68,864","41,496",1.2,-0.4
Singapore,"45,895","37,703","6,017",469,"44,189","13,948",0.8,-3.7
Thailand,"2,146,674","962,172","58,608","1,963","1,022,743","500,935",18.4,-52.4
Timor Leste,313,99,184,2,285,89,0.0,-8.9
Vietnam,"1,340,587","930,706","290,495",900,"1,222,101","522,161",21.9,-8.8
Northeast Asia,"1,239,865","686,525","853,996","13,344","1,553,865","442,394",27.9,25.3
China,"848,952","458,860","739,709","3,112","1,201,681","316,140",21.6,41.5
Hong Kong (China),171,100,5,3,108,49,0.0,-36.8
Japan,"112,718","76,463","28,375","1,151","105,989","38,732",1.9,-6.0
Korea (ROK),"192,305","114,255","32,438","5,905","152,598","57,488",2.7,-20.6
Macau (China),11,1,0,0,1,1,0.0,-90.9
Mongolia,"1,379",903,267,7,"1,177",573,0.0,-14.6
Taiwan (China),"84,329","35,943","53,202","3,166","92,311","29,411",1.7,9.5
Southern Asia,"130,420","69,352","63,734",29,"133,115","25,213",2.4,2.1
Afghanistan,501,212,34,0,246,77,0.0,-50.9
Bangladesh,"17,167","7,655","20,102",1,"27,758","1,337",0.5,61.7
Bhutan,246,111,190,1,302,96,0.0,22.8
India,"77,632","50,755","20,274",17,"71,046","19,766",1.3,-8.5
Iran,"1,400","1,102",131,0,"1,233",325,0.0,-11.9
Maldives,320,264,40,0,304,74,0.0,-5.0
Nepal,"6,404","2,141","7,529",6,"9,676","1,283",0.2,51.1
Pakistan,"22,065","5,003","12,856",4,"17,863","1,253",0.3,-19.0
Srilanka,"4,685","2,109","2,578",0,"4,687","1,002",0.1,0.0
Oceania,"123,077","89,535","8,312","23,643","121,490","56,589",2.2,-1.3
Australia,"104,489","77,310","7,270","18,995","103,575","48,168",1.9,-0.9
Fiji,306,228,96,1,325,141,0.0,6.2
New Zealand,"18,282","11,997",946,"4,647","17,590","8,280",0.3,-3.8
Other Asia & the Pacific,878,525,786,0,"1,311",145,0.0,49.3
Europe,"663,359","606,425","50,336","27,625","684,386","319,122",12.3,3.2
Northern Europe,"154,842","153,490","11,318","1,365","166,173","73,108",3.0,7.3
Denmark,"9,253","8,787",529,104,"9,420","4,480",0.2,1.8
Finland,"3,652","3,159",273,82,"3,514","1,312",0.1,-3.8
Iceland,645,646,29,1,676,271,0.0,4.8
Ireland,"10,562","9,789",760,38,"10,587","4,718",0.2,0.2
Norway,"6,851","6,047",357,229,"6,633","2,957",0.1,-3.2
Sweden,"8,731","7,402",545,255,"8,202","3,301",0.1,-6.1
United Kingdom,"115,148","117,660","8,825",656,"127,141","56,069",2.3,10.4
Western Europe,"270,765","227,420","20,874","25,822","274,116","126,022",4.9,1.2
Austria,"8,890","7,592",305,299,"8,196","3,788",0.1,-7.8
Belgium,"14,329","13,087",962,747,"14,796","6,783",0.3,3.3
France,"131,738","101,801","12,241","22,159","136,201","63,515",2.4,3.4
Germany,"74,861","67,933","4,354","1,008","73,295","33,330",1.3,-2.1
Luxembourg,649,604,47,8,659,283,0.0,1.5
Monaco,32,43,0,0,43,21,0.0,34.4
Netherlands,"23,116","22,296","1,622",536,"24,454","10,818",0.4,5.8
Switzerland,"17,150","14,064","1,343","1,065","16,472","7,484",0.3,-4.0
Central / Eastern Europe,"127,423","117,610","9,077",182,"126,869","63,401",2.3,-0.4
Azerbaijan,353,303,99,0,402,127,0.0,13.9
Bulgaria,"2,981","3,232",106,6,"3,344","1,885",0.1,12.2
Czech Republic,"5,617","6,045",337,14,"6,396","2,893",0.1,13.9
Estonia,"1,039","1,284",51,3,"1,338",613,0.0,28.8
Hungary,"5,156","4,922",195,38,"5,155","2,579",0.1,0.0
Kazakhstan,"4,456","4,244",742,18,"5,004","2,811",0.1,12.3
Kyrgyzstan,959,"1,022",346,0,"1,368",738,0.0,42.6
Latvia,841,938,66,0,"1,004",485,0.0,19.4
Lithuania,"1,626","1,955",78,2,"2,035","1,058",0.0,25.2
Poland,"20,190","22,938","1,415",9,"24,362","12,016",0.4,20.7
Romania,"3,765","4,032",189,2,"4,223","2,256",0.1,12.2
Russian Federation,"71,901","56,932","3,550",65,"60,547","29,894",1.1,-15.8
Slovakia,"2,459","2,542",124,9,"2,675","1,266",0.0,8.8
Tajikistan,340,323,268,0,591,153,0.0,73.8
Turkmenistan,543,663,304,0,967,358,0.0,78.1
Ukraine,"4,279","4,407",801,14,"5,222","2,915",0.1,22.0
Uzbekistan,918,"1,828",406,2,"2,236","1,354",0.0,143.6
Southern Europe,"84,996","82,486","3,569",215,"86,270","42,323",1.5,1.5
Croatia,"1,156","1,267",99,1,"1,367",633,0.0,18.3
Cyprus,355,347,6,1,354,157,0.0,-0.3
Greece,"2,260","2,536",102,3,"2,641","1,263",0.0,16.9
Italy,"34,777","34,315","1,551",147,"36,013","17,097",0.6,3.6
Malta,268,"1,841",475,11,"2,327","1,055",0.0,768.3
Portugal,"6,119","5,836",173,3,"6,012","3,013",0.1,-1.7
Serbia,"1,043","1,128",88,0,"1,216",549,0.0,16.6
Slovenia,"1,458","1,148",78,4,"1,230",585,0.0,-15.6
Spain,"37,560","34,068",997,45,"35,110","17,971",0.6,-6.5
East Mediterranean Europe,"16,681","21,399","3,459",20,"24,878","11,180",0.4,49.1
Israel,"8,318","14,184",279,11,"14,474","7,050",0.3,74.0
Turkiye,"8,363","7,215","3,180",9,"10,404","4,130",0.2,24.4
Other Europe,"8,652","4,020","2,039",21,"6,080","3,088",0.1,-29.7
Americas,"289,635","207,111","22,562","54,550","284,223","133,260",5.1,-1.9
North America,"266,222","184,712","20,080","54,457","259,249","120,209",4.7,-2.6
Canada,"43,239","33,955","3,969","6,496","44,420","20,436",0.8,2.7
Cuba,350,357,139,1,497,215,0.0,42.0
Mexico,"8,104","7,078",461,2,"7,541","3,975",0.1,-6.9
United States of America,"214,529","143,322","15,511","47,958","206,791","95,583",3.7,-3.6
Central America,951,873,90,0,963,500,0.0,1.3
Costa Rica,662,683,15,0,698,367,0.0,5.4
El Salvador,128,73,44,0,117,60,0.0,-8.6
Honduras,86,67,26,0,93,41,0.0,8.1
Jamaica,75,50,5,0,55,32,0.0,-26.7
South America,"21,469","20,392","1,866",20,"22,278","11,885",0.4,3.8
Argentina,"3,766","4,227",131,5,"4,363","2,321",0.1,15.9
Brazil,"8,260","7,300","1,082",6,"8,388","4,312",0.2,1.5
Chile,"2,941","2,853",168,3,"3,024","1,572",0.1,2.8
Colombia,"3,140","3,100",279,1,"3,380","1,906",0.1,7.6
Ecuador,589,618,53,0,671,351,0.0,13.9
Peru,"1,263",994,85,5,"1,084",613,0.0,-14.2
Uruguay,"1,208","1,064",10,0,"1,074",647,0.0,-11.1
Venezuela,302,236,58,0,294,163,0.0,-2.6
Other America,993,"1,134",526,73,"1,733",666,0.0,74.5
Africa,"13,715","11,268","3,622",24,"14,914","6,480",0.3,8.7
North Africa,"1,790","1,912",355,0,"2,267",827,0.0,26.6
Algeria,371,345,40,0,385,129,0.0,3.8
Morocco,900,993,182,0,"1,175",374,0.0,30.6
Sudan,159,135,7,0,142,40,0.0,-10.7
Tunisia,360,439,126,0,565,284,0.0,56.9
Subsaharan Africa,"9,219","7,773","2,484",16,"10,273","4,702",0.2,11.4
Cameroon,606,403,192,0,595,181,0.0,-1.8
Congo,54,21,10,0,31,7,0.0,-42.6
Ghana,457,491,73,0,564,118,0.0,23.4
Kenya,492,559,110,0,669,375,0.0,36.0
Liberia,252,68,28,0,96,20,0.0,-61.9
Nigeria,608,228,330,1,559,101,0.0,-8.1
South Africa,"6,069","4,842","1,548",8,"6,398","3,222",0.1,5.4
Tanzania,109,306,15,7,328,156,0.0,200.9
Uganda,281,729,60,0,789,385,0.0,180.8
Zimbabwe,291,126,118,0,244,137,0.0,-16.2
Other Africa,"2,706","1,583",783,8,"2,374",951,0.0,-12.3
Middle East,"3,545","2,493",888,7,"3,388",722,0.1,-4.4
Bahrain,126,63,11,3,77,14,0.0,-38.9
Egypt,666,496,469,2,967,173,0.0,45.2
Iraq,272,172,41,0,213,29,0.0,-21.7
Jordan,387,300,75,1,376,68,0.0,-2.8
Kuwait,289,127,14,1,142,38,0.0,-50.9
Oman,185,139,2,0,141,16,0.0,-23.8
Palestine,53,38,21,0,59,9,0.0,11.3
Qatar,57,29,3,0,32,7,0.0,-43.9
Saudi Arabia,400,335,93,0,428,99,0.0,7.0
Syria,184,150,65,0,215,43,0.0,16.8
United Arab Emirates,250,253,20,0,273,77,0.0,9.2
Yemen,259,103,21,0,124,27,0.0,-52.1
Other Middle East,417,288,53,0,341,122,0.0,-18.2
