Country / Region,Holiday %,Business %,Others %,Total %,Female %
Vietnam,81.25697145803065,18.690537563856214,0.052490978113136806,26.87882170058275,42.30585368139851
China,44.55644119136971,55.28848638981071,0.15507241881958875,24.370450806352054,25.705837959660492
United States of America,74.79031417334029,5.179358385063735,20.030327441595983,5.316809057950019,46.8037719755485
France,78.52802673553091,6.152210238493088,15.319763025976,3.317116431643366,46.354245784596685
Australia,68.53856562922869,4.0172530446549395,27.444181326116375,2.9790053689618077,47.84336941813262
Indonesia,33.710995542347696,66.12184249628528,0.16716196136701336,2.712950762261565,33.58098068350668
United Kingdom,92.54842095219922,6.745539547753077,0.7060395000477054,2.6406423606299647,42.21925388798779
Japan,78.05648635710867,20.44997606510292,1.4935375777884154,2.6315723172197294,39.82766874102441
Thailand,83.27063740856843,15.87251828631139,0.8568443051201672,2.4111198732209487,50.83594566353187
India,78.10509554140127,21.872156505914468,0.02274795268425842,2.215106157299747,32.22247497725205
Malaysia,59.918809201623816,38.01082543978349,2.0703653585926927,1.8618783556011296,28.064952638700944
Germany,93.81134133042531,4.784623773173392,1.4040348964013085,1.8482732904857764,44.58833151581243
Korea (ROK),64.52612308125616,27.911561751865932,7.562315166877904,1.789066062668961,32.953105196451205
Taiwan (China),46.21800402645959,51.38050043140638,2.4014955421340236,1.7520300520771657,33.807880356629276
Philippines,67.40567872423182,32.59432127576819,0.0,1.2955045337619768,61.901983663943994
Singapore,89.64169381107492,8.859934853420196,1.498371335504886,1.1602097195592966,40.130293159609124
Russian Federation,93.10181904086936,6.850933144342074,0.04724781478856603,1.0664859376535294,51.665485471296954
Italy,97.3677796734097,2.2422617596880334,0.38995856690226666,1.0337330031165677,47.40433828905679
Canada,77.9753086419753,7.481481481481482,14.543209876543209,1.0203798836514988,45.160493827160494
Myanmar,27.08390270565728,72.88876742279311,0.027329871549603715,0.9218691343903292,57.42006012571741
Poland,95.82618639222413,4.059462550028588,0.11435105774728416,0.8813058846945536,48.3704974271012
Bangladesh,32.07339449541284,67.92660550458716,0.0,0.6865518970247738,3.486238532110092
Spain,97.05882352941177,2.5316455696202533,0.4095309009679821,0.6767260166636854,51.26582278481012
New Zealand,54.69419555901831,2.571094663030775,42.73470977795091,0.6467444842798512,51.149201402415265
Netherlands,92.54049445865303,4.94458653026428,2.514919011082694,0.5910644955670162,45.09803921568628
Lao PDR,52.648549055734684,47.075080608014744,0.2763703362505758,0.5469740067672602,64.62459695992631
Switzerland,87.88878416588123,4.853911404335533,7.257304429783224,0.5346286699033285,44.58058435438266
Israel,98.70568373663477,1.1817670230725943,0.11254924029262803,0.4477074205552378,51.43500281373101
Turkiye,75.87034813925571,24.009603841536613,0.12004801920768307,0.41974145337367824,41.89675870348139
Belgium,90.03856041131105,4.627249357326478,5.334190231362468,0.39202743184240296,48.26478149100257
Nepal,18.92744479495268,81.07255520504731,0.0,0.3194670845605186,10.094637223974763
Sweden,92.15491559086395,4.369414101290963,3.475670307845084,0.2537092698363109,43.29692154915591
Pakistan,55.020491803278695,44.97950819672131,0.0,0.24589895467749698,9.938524590163935
South Africa,87.596048298573,12.294182217343579,0.10976948408342481,0.22952248740901612,52.36004390779363
Denmark,92.79711884753901,6.722689075630252,0.4801920768307323,0.20987072668683912,42.97719087635054
Romania,99.49109414758269,0.5089058524173028,0.0,0.19802928112347606,52.29007633587786
Czech Republic,96.54731457800511,3.324808184143223,0.1278772378516624,0.19702149852233877,43.8618925831202
Brazil,89.01808785529715,10.852713178294573,0.12919896640826875,0.1950059333200642,49.09560723514212
Austria,93.01423027166882,2.975420439844761,4.010349288486417,0.19475398766977986,46.05433376455368
Ireland,92.37844940867281,7.227332457293036,0.39421813403416556,0.19173063986636804,39.42181340341656
Mexico,94.07616361071932,5.782792665726375,0.14104372355430184,0.17862946605158336,48.94217207334274
Portugal,97.80907668231612,2.190923317683881,0.0,0.1609932705316809,45.69640062597809
Hungary,96.58536585365853,2.6016260162601625,0.8130081300813009,0.15494657492485722,51.056910569105696
Ukraine,86.94942903752039,12.72430668841762,0.3262642740619902,0.15444268362428856,54.81239804241436
Norway,90.5,4.666666666666667,4.833333333333333,0.1511673901705924,39.83333333333333
Srilanka,48.11715481171548,51.88284518828452,0.0,0.12043002083590529,25.523012552301257
Finland,91.52542372881356,5.296610169491525,3.1779661016949152,0.11891834693419935,38.983050847457626
Greece,97.20812182741116,2.5380710659898478,0.25380710659898476,0.09926658621202235,48.223350253807105
Kazakhstan,88.64864864864866,11.351351351351353,0.0,0.09321989060519864,51.891891891891895
Slovakia,95.0413223140496,4.40771349862259,0.5509641873278237,0.0914562710532084,49.311294765840216
Bulgaria,97.47634069400631,2.5236593059936907,0.0,0.07986677114012965,48.580441640378545
Colombia,94.42379182156134,5.5762081784386615,0.0,0.06777337992648226,55.762081784386616
Estonia,97.02127659574468,2.553191489361702,0.425531914893617,0.05920722781681536,47.65957446808511
Argentina,94.01709401709401,5.982905982905983,0.0,0.05895528216653104,52.991452991452995
Lithuania,97.75784753363229,2.242152466367713,0.0,0.056183880013403506,50.672645739910315
Chile,95.45454545454545,4.545454545454546,0.0,0.0498852387562955,52.52525252525253
Slovenia,96.33507853403141,3.664921465968586,0.0,0.04812161920430525,47.64397905759162
Croatia,95.88235294117648,3.5294117647058822,0.5882352941176471,0.04283076054833451,47.05882352941176
Kyrgyzstan,86.30952380952381,13.690476190476192,0.0,0.04232686924776587,49.404761904761905
Uzbekistan,85.44303797468355,14.556962025316455,0.0,0.039807412744922666,37.34177215189873
Latvia,95.8904109589041,4.10958904109589,0.0,0.03678406494151082,40.41095890410959
Tajikistan,86.32478632478633,13.675213675213676,0.0,0.02947764108326552,21.367521367521366
Morocco,80.7017543859649,19.298245614035086,0.0,0.028721804132412553,42.10526315789473
Serbia,88.67924528301887,11.320754716981133,0.0,0.02670623893013799,46.22641509433962
Egypt,56.19047619047619,43.80952380952381,0.0,0.02645429327985367,22.857142857142858
Kenya,96.0,4.0,0.0,0.025194565028432064,41.0
Mongolia,81.63265306122449,16.3265306122449,2.0408163265306123,0.024690673727863426,64.28571428571429
Turkmenistan,65.55555555555556,34.44444444444444,0.0,0.02267510852558886,40.0
Tunisia,89.8876404494382,10.112359550561797,0.0,0.02242316287530454,56.17977528089888
Iran,89.41176470588236,10.588235294117647,0.0,0.021415380274167256,27.058823529411764
Peru,92.6829268292683,4.878048780487805,2.4390243902439024,0.020659543323314294,51.21951219512195
Luxembourg,97.22222222222221,1.3888888888888888,1.3888888888888888,0.01814008682047109,47.22222222222222
Cuba,85.07462686567165,14.925373134328357,0.0,0.016880358569049486,44.776119402985074
Iceland,96.875,3.125,0.0,0.01612452161819652,46.875
Uganda,100.0,0.0,0.0,0.01612452161819652,23.4375
Azerbaijan,83.92857142857143,16.071428571428573,0.0,0.014108956415921955,30.357142857142854
Malta,94.23076923076923,5.769230769230769,0.0,0.013101173814784674,55.769230769230774
United Arab Emirates,100.0,0.0,0.0,0.012093391213647393,47.91666666666667
Algeria,93.18181818181817,6.8181818181818175,0.0,0.011085608612510109,34.090909090909086
Ecuador,75.0,25.0,0.0,0.011085608612510109,56.81818181818182
Cyprus,100.0,0.0,0.0,0.010833662962225788,53.48837209302325
Brunei Darussalam,71.42857142857143,23.809523809523807,4.761904761904762,0.010581717311941468,45.23809523809524
Ghana,81.08108108108108,18.91891891891892,0.0,0.009321989060519864,32.432432432432435
Costa Rica,100.0,0.0,0.0,0.009321989060519864,43.24324324324324
Jordan,94.44444444444444,5.555555555555555,0.0,0.009070043410235545,25.0
Hong Kong (China),100.0,0.0,0.0,0.009070043410235545,55.55555555555556
Nigeria,25.0,75.0,0.0,0.009070043410235545,25.0
Bhutan,44.44444444444444,55.55555555555556,0.0,0.009070043410235545,27.77777777777778
Timor Leste,34.285714285714285,65.71428571428571,0.0,0.008818097759951224,25.71428571428571
Fiji,73.52941176470588,23.52941176470588,2.941176470588235,0.008566152109666903,55.88235294117647
Cameroon,72.72727272727273,27.27272727272727,0.0,0.008314206459382582,54.54545454545454
Maldives,92.85714285714286,7.142857142857142,0.0,0.007054478207960978,21.428571428571427
Venezuela,85.18518518518519,14.814814814814813,0.0,0.006802532557676658,55.55555555555556
Saudi Arabia,96.0,4.0,0.0,0.006298641257108016,28.000000000000004
Kuwait,92.0,4.0,4.0,0.006298641257108016,52.0
Sudan,94.11764705882352,5.88235294117647,0.0,0.004283076054833451,41.17647058823529
Uruguay,100.0,0.0,0.0,0.00403113040454913,56.25
Syria,66.66666666666666,33.33333333333333,0.0,0.00377918475426481,6.666666666666667
Iraq,57.14285714285714,42.857142857142854,0.0,0.003527239103980489,50.0
Tanzania,92.3076923076923,0.0,7.6923076923076925,0.0032752934536961686,46.15384615384615
Yemen,92.3076923076923,7.6923076923076925,0.0,0.0032752934536961686,0.0
Zimbabwe,75.0,25.0,0.0,0.0030233478034118483,75.0
Afghanistan,71.42857142857143,28.57142857142857,0.0,0.0017636195519902444,14.285714285714285
Oman,100.0,0.0,0.0,0.0015116739017059242,16.666666666666664
Honduras,66.66666666666666,33.33333333333333,0.0,0.0015116739017059242,66.66666666666666
Palestine,80.0,20.0,0.0,0.0012597282514216033,40.0
Liberia,50.0,50.0,0.0,0.0010077826011372826,0.0
El Salvador,100.0,0.0,0.0,0.0010077826011372826,75.0
Jamaica,100.0,0.0,0.0,0.0010077826011372826,25.0
Bahrain,33.33333333333333,33.33333333333333,33.33333333333333,0.0007558369508529621,0.0
Qatar,100.0,0.0,0.0,0.00025194565028432064,100.0
